timestamp,ip_address,endpoint,status_code,response_time_ms
2026-01-02 14:32:58.046616,192.168.1.251,/logout,404,659
2026-01-02 14:32:59.046616,192.168.1.79,/login,200,802
2026-01-02 14:33:00.046616,192.168.1.18,/api/data,200,170
2026-01-02 14:33:01.046616,192.168.1.184,/api/data,200,797
2026-01-02 14:33:02.046616,192.168.1.224,/login,500,627
2026-01-02 14:33:03.046616,192.168.1.19,/api/data,404,963
2026-01-02 14:33:04.046616,192.168.1.181,/dashboard,200,1092
2026-01-02 14:33:05.046616,192.168.1.91,/logout,200,1351
2026-01-02 14:33:06.046616,192.168.1.131,/login,200,1191
2026-01-02 14:33:07.046616,192.168.1.7,/api/report,500,475
2026-01-02 14:33:08.046616,192.168.1.225,/api/data,404,519
2026-01-02 14:33:09.046616,192.168.1.130,/api/report,500,1470
2026-01-02 14:33:10.046616,192.168.1.110,/api/data,200,146
2026-01-02 14:33:11.046616,192.168.1.244,/logout,200,1169
2026-01-02 14:33:12.046616,192.168.1.85,/api/data,404,253
2026-01-02 14:33:13.046616,192.168.1.127,/api/report,404,756
2026-01-02 14:33:14.046616,192.168.1.145,/logout,200,390
2026-01-02 14:33:15.046616,192.168.1.136,/logout,200,1239
2026-01-02 14:33:16.046616,192.168.1.213,/api/data,500,347
2026-01-02 14:33:17.046616,192.168.1.49,/api/report,200,278
2026-01-02 14:33:18.046616,192.168.1.204,/dashboard,200,1103
2026-01-02 14:33:19.046616,192.168.1.60,/api/data,200,1280
2026-01-02 14:33:20.046616,192.168.1.198,/api/data,200,887
2026-01-02 14:33:21.046616,192.168.1.59,/logout,200,845
2026-01-02 14:33:22.046616,192.168.1.108,/api/data,500,134
2026-01-02 14:33:23.046616,192.168.1.91,/api/data,200,737
2026-01-02 14:33:24.046616,192.168.1.253,/dashboard,200,418
2026-01-02 14:33:25.046616,192.168.1.168,/login,404,307
2026-01-02 14:33:26.046616,192.168.1.77,/login,200,307
2026-01-02 14:33:27.046616,192.168.1.233,/dashboard,200,506
2026-01-02 14:33:28.046616,192.168.1.242,/dashboard,200,117
2026-01-02 14:33:29.046616,192.168.1.42,/login,200,1043
2026-01-02 14:33:30.046616,192.168.1.114,/login,200,161
2026-01-02 14:33:31.046616,192.168.1.31,/logout,500,460
2026-01-02 14:33:32.046616,192.168.1.153,/login,200,1015
2026-01-02 14:33:33.046616,192.168.1.19,/dashboard,200,1036
2026-01-02 14:33:34.046616,192.168.1.254,/logout,200,698
2026-01-02 14:33:35.046616,192.168.1.43,/api/data,200,654
2026-01-02 14:33:36.046616,192.168.1.45,/login,200,586
2026-01-02 14:33:37.046616,192.168.1.92,/api/report,200,219
2026-01-02 14:33:38.046616,192.168.1.116,/dashboard,200,652
2026-01-02 14:33:39.046616,192.168.1.95,/logout,200,1230
2026-01-02 14:33:40.046616,192.168.1.175,/logout,200,1057
2026-01-02 14:33:41.046616,192.168.1.44,/api/report,200,1378
2026-01-02 14:33:42.046616,192.168.1.127,/api/data,200,888
2026-01-02 14:33:43.046616,192.168.1.225,/api/report,404,687
2026-01-02 14:33:44.046616,192.168.1.146,/api/data,200,1038
2026-01-02 14:33:45.046616,192.168.1.204,/api/report,200,1351
2026-01-02 14:33:46.046616,192.168.1.48,/dashboard,200,715
2026-01-02 14:33:47.046616,192.168.1.227,/logout,404,948
2026-01-02 14:33:48.046616,192.168.1.94,/api/data,200,1335
2026-01-02 14:33:49.046616,192.168.1.134,/api/data,200,205
2026-01-02 14:33:50.046616,192.168.1.218,/api/report,200,1423
2026-01-02 14:33:51.046616,192.168.1.145,/logout,200,751
2026-01-02 14:33:52.046616,192.168.1.39,/login,200,708
2026-01-02 14:33:53.046616,192.168.1.105,/dashboard,200,749
2026-01-02 14:33:54.046616,192.168.1.188,/api/report,404,248
2026-01-02 14:33:55.046616,192.168.1.10,/api/report,500,171
2026-01-02 14:33:56.046616,192.168.1.182,/dashboard,200,157
2026-01-02 14:33:57.046616,192.168.1.45,/dashboard,200,479
2026-01-02 14:33:58.046616,192.168.1.138,/login,200,1048
2026-01-02 14:33:59.046616,192.168.1.247,/api/data,200,943
2026-01-02 14:34:00.046616,192.168.1.18,/api/data,200,1032
2026-01-02 14:34:01.046616,192.168.1.13,/logout,500,67
2026-01-02 14:34:02.046616,192.168.1.183,/api/report,200,724
2026-01-02 14:34:03.046616,192.168.1.133,/login,200,823
2026-01-02 14:34:04.046616,192.168.1.175,/api/report,200,529
2026-01-02 14:34:05.046616,192.168.1.36,/api/report,200,1458
2026-01-02 14:34:06.046616,192.168.1.87,/logout,200,1216
2026-01-02 14:34:07.046616,192.168.1.163,/dashboard,200,1029
2026-01-02 14:34:08.046616,192.168.1.65,/logout,500,1321
2026-01-02 14:34:09.046616,192.168.1.187,/logout,500,585
2026-01-02 14:34:10.046616,192.168.1.101,/dashboard,200,404
2026-01-02 14:34:11.046616,192.168.1.124,/dashboard,200,51
2026-01-02 14:34:12.046616,192.168.1.230,/api/data,200,1272
2026-01-02 14:34:13.046616,192.168.1.135,/api/report,200,671
2026-01-02 14:34:14.046616,192.168.1.97,/logout,404,1045
2026-01-02 14:34:15.046616,192.168.1.207,/api/report,200,1253
2026-01-02 14:34:16.046616,192.168.1.245,/dashboard,200,835
2026-01-02 14:34:17.046616,192.168.1.50,/api/report,500,921
2026-01-02 14:34:18.046616,192.168.1.9,/logout,404,501
2026-01-02 14:34:19.046616,192.168.1.67,/api/report,404,752
2026-01-02 14:34:20.046616,192.168.1.158,/api/report,200,1288
2026-01-02 14:34:21.046616,192.168.1.114,/api/report,404,600
2026-01-02 14:34:22.046616,192.168.1.230,/logout,200,1391
2026-01-02 14:34:23.046616,192.168.1.170,/dashboard,500,1073
2026-01-02 14:34:24.046616,192.168.1.160,/dashboard,200,176
2026-01-02 14:34:25.046616,192.168.1.233,/api/report,200,1234
2026-01-02 14:34:26.046616,192.168.1.44,/login,500,430
2026-01-02 14:34:27.046616,192.168.1.184,/dashboard,500,898
2026-01-02 14:34:28.046616,192.168.1.140,/logout,200,317
2026-01-02 14:34:29.046616,192.168.1.21,/api/data,404,1147
2026-01-02 14:34:30.046616,192.168.1.203,/api/report,200,212
2026-01-02 14:34:31.046616,192.168.1.66,/api/data,200,330
2026-01-02 14:34:32.046616,192.168.1.186,/api/data,200,272
2026-01-02 14:34:33.046616,192.168.1.111,/api/report,200,1177
2026-01-02 14:34:34.046616,192.168.1.182,/api/data,200,814
2026-01-02 14:34:35.046616,192.168.1.158,/dashboard,404,827
2026-01-02 14:34:36.046616,192.168.1.106,/api/data,200,1477
2026-01-02 14:34:37.046616,192.168.1.17,/login,200,1073
2026-01-02 14:34:38.046616,192.168.1.99,/api/data,500,826
2026-01-02 14:34:39.046616,192.168.1.12,/dashboard,404,1494
2026-01-02 14:34:40.046616,192.168.1.196,/api/report,200,1039
2026-01-02 14:34:41.046616,192.168.1.202,/login,200,612
2026-01-02 14:34:42.046616,192.168.1.111,/logout,200,924
2026-01-02 14:34:43.046616,192.168.1.165,/logout,404,567
2026-01-02 14:34:44.046616,192.168.1.113,/api/data,500,147
2026-01-02 14:34:45.046616,192.168.1.103,/login,200,1068
2026-01-02 14:34:46.046616,192.168.1.125,/api/report,200,1094
2026-01-02 14:34:47.046616,192.168.1.214,/logout,200,1322
2026-01-02 14:34:48.046616,192.168.1.163,/api/data,200,627
2026-01-02 14:34:49.046616,192.168.1.118,/api/report,200,421
2026-01-02 14:34:50.046616,192.168.1.213,/api/data,404,1477
2026-01-02 14:34:51.046616,192.168.1.115,/dashboard,200,732
2026-01-02 14:34:52.046616,192.168.1.50,/login,200,333
2026-01-02 14:34:53.046616,192.168.1.195,/login,200,738
2026-01-02 14:34:54.046616,192.168.1.95,/logout,404,190
2026-01-02 14:34:55.046616,192.168.1.44,/login,200,246
2026-01-02 14:34:56.046616,192.168.1.250,/login,500,424
2026-01-02 14:34:57.046616,192.168.1.247,/api/data,200,1464
2026-01-02 14:34:58.046616,192.168.1.32,/login,200,650
2026-01-02 14:34:59.046616,192.168.1.39,/api/report,200,976
2026-01-02 14:35:00.046616,192.168.1.34,/login,200,689
2026-01-02 14:35:01.046616,192.168.1.212,/api/report,200,1417
2026-01-02 14:35:02.046616,192.168.1.102,/login,200,247
2026-01-02 14:35:03.046616,192.168.1.150,/dashboard,200,1455
2026-01-02 14:35:04.046616,192.168.1.177,/login,200,784
2026-01-02 14:35:05.046616,192.168.1.188,/api/data,200,97
2026-01-02 14:35:06.046616,192.168.1.252,/api/report,200,338
2026-01-02 14:35:07.046616,192.168.1.203,/logout,200,112
2026-01-02 14:35:08.046616,192.168.1.15,/api/report,500,1082
2026-01-02 14:35:09.046616,192.168.1.7,/logout,200,145
2026-01-02 14:35:10.046616,192.168.1.12,/api/report,200,565
2026-01-02 14:35:11.046616,192.168.1.162,/login,500,278
2026-01-02 14:35:12.046616,192.168.1.189,/login,200,642
2026-01-02 14:35:13.046616,192.168.1.94,/api/data,200,987
2026-01-02 14:35:14.046616,192.168.1.192,/dashboard,200,1386
2026-01-02 14:35:15.046616,192.168.1.99,/logout,200,842
2026-01-02 14:35:16.046616,192.168.1.48,/api/report,500,311
2026-01-02 14:35:17.046616,192.168.1.123,/logout,200,1331
2026-01-02 14:35:18.046616,192.168.1.153,/login,200,275
2026-01-02 14:35:19.046616,192.168.1.74,/logout,200,53
2026-01-02 14:35:20.046616,192.168.1.2,/api/data,200,376
2026-01-02 14:35:21.046616,192.168.1.21,/login,404,653
2026-01-02 14:35:22.046616,192.168.1.208,/login,200,102
2026-01-02 14:35:23.046616,192.168.1.124,/logout,500,1256
2026-01-02 14:35:24.046616,192.168.1.236,/dashboard,404,647
2026-01-02 14:35:25.046616,192.168.1.33,/logout,200,657
2026-01-02 14:35:26.046616,192.168.1.91,/dashboard,404,107
2026-01-02 14:35:27.046616,192.168.1.230,/api/report,500,1025
2026-01-02 14:35:28.046616,192.168.1.232,/logout,200,405
2026-01-02 14:35:29.046616,192.168.1.182,/logout,200,1062
2026-01-02 14:35:30.046616,192.168.1.127,/logout,200,639
2026-01-02 14:35:31.046616,192.168.1.106,/api/report,200,706
2026-01-02 14:35:32.046616,192.168.1.67,/api/data,200,1376
2026-01-02 14:35:33.046616,192.168.1.194,/login,200,312
2026-01-02 14:35:34.046616,192.168.1.69,/login,200,1483
2026-01-02 14:35:35.046616,192.168.1.206,/login,200,1198
2026-01-02 14:35:36.046616,192.168.1.7,/login,200,585
2026-01-02 14:35:37.046616,192.168.1.216,/api/data,200,672
2026-01-02 14:35:38.046616,192.168.1.10,/api/data,200,897
2026-01-02 14:35:39.046616,192.168.1.16,/api/data,200,113
2026-01-02 14:35:40.046616,192.168.1.161,/login,200,512
2026-01-02 14:35:41.046616,192.168.1.39,/login,200,1469
2026-01-02 14:35:42.046616,192.168.1.245,/api/report,500,539
2026-01-02 14:35:43.046616,192.168.1.2,/dashboard,404,1249
2026-01-02 14:35:44.046616,192.168.1.240,/api/data,500,1419
2026-01-02 14:35:45.046616,192.168.1.1,/api/data,200,1382
2026-01-02 14:35:46.046616,192.168.1.145,/api/report,404,168
2026-01-02 14:35:47.046616,192.168.1.199,/dashboard,200,1144
2026-01-02 14:35:48.046616,192.168.1.187,/logout,404,600
2026-01-02 14:35:49.046616,192.168.1.32,/api/report,200,531
2026-01-02 14:35:50.046616,192.168.1.2,/dashboard,200,571
2026-01-02 14:35:51.046616,192.168.1.38,/login,200,57
2026-01-02 14:35:52.046616,192.168.1.226,/api/data,200,286
2026-01-02 14:35:53.046616,192.168.1.184,/logout,200,1396
2026-01-02 14:35:54.046616,192.168.1.242,/api/data,200,328
2026-01-02 14:35:55.046616,192.168.1.203,/dashboard,200,373
2026-01-02 14:35:56.046616,192.168.1.140,/login,200,69
2026-01-02 14:35:57.046616,192.168.1.106,/api/report,200,595
2026-01-02 14:35:58.046616,192.168.1.67,/dashboard,404,319
2026-01-02 14:35:59.046616,192.168.1.46,/api/report,404,320
2026-01-02 14:36:00.046616,192.168.1.251,/api/report,500,416
2026-01-02 14:36:01.046616,192.168.1.112,/login,200,1100
2026-01-02 14:36:02.046616,192.168.1.160,/logout,200,1137
2026-01-02 14:36:03.046616,192.168.1.8,/login,200,416
2026-01-02 14:36:04.046616,192.168.1.80,/logout,200,1061
2026-01-02 14:36:05.046616,192.168.1.138,/dashboard,200,869
2026-01-02 14:36:06.046616,192.168.1.72,/dashboard,200,571
2026-01-02 14:36:07.046616,192.168.1.237,/api/report,200,238
2026-01-02 14:36:08.046616,192.168.1.56,/api/report,200,870
2026-01-02 14:36:09.046616,192.168.1.126,/dashboard,200,1156
2026-01-02 14:36:10.046616,192.168.1.45,/logout,200,714
2026-01-02 14:36:11.046616,192.168.1.191,/logout,200,908
2026-01-02 14:36:12.046616,192.168.1.56,/dashboard,500,1388
2026-01-02 14:36:13.046616,192.168.1.185,/api/data,200,170
2026-01-02 14:36:14.046616,192.168.1.39,/login,200,1151
2026-01-02 14:36:15.046616,192.168.1.84,/api/report,404,728
2026-01-02 14:36:16.046616,192.168.1.237,/api/data,404,176
2026-01-02 14:36:17.046616,192.168.1.168,/logout,200,378
2026-01-02 14:36:18.046616,192.168.1.111,/api/data,200,481
2026-01-02 14:36:19.046616,192.168.1.41,/api/data,500,1080
2026-01-02 14:36:20.046616,192.168.1.105,/api/report,500,389
2026-01-02 14:36:21.046616,192.168.1.70,/api/data,500,184
2026-01-02 14:36:22.046616,192.168.1.13,/logout,500,923
2026-01-02 14:36:23.046616,192.168.1.181,/api/report,500,1404
2026-01-02 14:36:24.046616,192.168.1.137,/logout,200,1436
2026-01-02 14:36:25.046616,192.168.1.134,/api/report,500,1400
2026-01-02 14:36:26.046616,192.168.1.82,/api/data,200,63
2026-01-02 14:36:27.046616,192.168.1.223,/api/data,500,1054
2026-01-02 14:36:28.046616,192.168.1.87,/api/report,200,1117
2026-01-02 14:36:29.046616,192.168.1.181,/logout,200,531
2026-01-02 14:36:30.046616,192.168.1.184,/dashboard,500,277
2026-01-02 14:36:31.046616,192.168.1.215,/api/data,200,1434
2026-01-02 14:36:32.046616,192.168.1.183,/logout,200,1485
2026-01-02 14:36:33.046616,192.168.1.101,/api/data,200,208
2026-01-02 14:36:34.046616,192.168.1.134,/dashboard,200,204
2026-01-02 14:36:35.046616,192.168.1.4,/api/data,404,216
2026-01-02 14:36:36.046616,192.168.1.122,/login,200,532
2026-01-02 14:36:37.046616,192.168.1.98,/logout,200,1146
2026-01-02 14:36:38.046616,192.168.1.108,/dashboard,200,1048
2026-01-02 14:36:39.046616,192.168.1.176,/login,200,76
2026-01-02 14:36:40.046616,192.168.1.81,/logout,200,1472
2026-01-02 14:36:41.046616,192.168.1.214,/api/report,200,762
2026-01-02 14:36:42.046616,192.168.1.133,/login,200,704
2026-01-02 14:36:43.046616,192.168.1.235,/api/data,500,424
2026-01-02 14:36:44.046616,192.168.1.225,/dashboard,200,316
2026-01-02 14:36:45.046616,192.168.1.190,/api/report,404,1216
2026-01-02 14:36:46.046616,192.168.1.77,/login,200,1365
2026-01-02 14:36:47.046616,192.168.1.112,/api/report,200,273
2026-01-02 14:36:48.046616,192.168.1.60,/api/report,200,1344
2026-01-02 14:36:49.046616,192.168.1.96,/api/data,200,782
2026-01-02 14:36:50.046616,192.168.1.166,/logout,200,1469
2026-01-02 14:36:51.046616,192.168.1.8,/dashboard,200,942
2026-01-02 14:36:52.046616,192.168.1.192,/logout,500,658
2026-01-02 14:36:53.046616,192.168.1.65,/login,200,810
2026-01-02 14:36:54.046616,192.168.1.39,/api/report,200,1102
2026-01-02 14:36:55.046616,192.168.1.182,/login,200,991
2026-01-02 14:36:56.046616,192.168.1.131,/api/report,200,447
2026-01-02 14:36:57.046616,192.168.1.161,/api/data,200,780
2026-01-02 14:36:58.046616,192.168.1.91,/logout,500,1153
2026-01-02 14:36:59.046616,192.168.1.240,/login,200,539
2026-01-02 14:37:00.046616,192.168.1.12,/dashboard,500,1063
2026-01-02 14:37:01.046616,192.168.1.169,/login,200,1447
2026-01-02 14:37:02.046616,192.168.1.128,/dashboard,200,215
2026-01-02 14:37:03.046616,192.168.1.51,/api/data,500,179
2026-01-02 14:37:04.046616,192.168.1.234,/api/data,200,541
2026-01-02 14:37:05.046616,192.168.1.146,/login,200,1268
2026-01-02 14:37:06.046616,192.168.1.168,/api/report,404,1429
2026-01-02 14:37:07.046616,192.168.1.31,/login,200,376
2026-01-02 14:37:08.046616,192.168.1.134,/api/report,200,1112
2026-01-02 14:37:09.046616,192.168.1.69,/dashboard,500,672
2026-01-02 14:37:10.046616,192.168.1.40,/api/report,200,1005
2026-01-02 14:37:11.046616,192.168.1.50,/api/report,500,1431
2026-01-02 14:37:12.046616,192.168.1.61,/dashboard,200,1336
2026-01-02 14:37:13.046616,192.168.1.24,/login,500,702
2026-01-02 14:37:14.046616,192.168.1.35,/logout,404,588
2026-01-02 14:37:15.046616,192.168.1.97,/login,404,705
2026-01-02 14:37:16.046616,192.168.1.180,/api/report,404,875
2026-01-02 14:37:17.046616,192.168.1.81,/api/data,200,166
2026-01-02 14:37:18.046616,192.168.1.41,/api/report,404,869
2026-01-02 14:37:19.046616,192.168.1.241,/logout,404,314
2026-01-02 14:37:20.046616,192.168.1.83,/login,200,64
2026-01-02 14:37:21.046616,192.168.1.252,/api/data,200,1351
2026-01-02 14:37:22.046616,192.168.1.64,/dashboard,500,959
2026-01-02 14:37:23.046616,192.168.1.197,/dashboard,200,827
2026-01-02 14:37:24.046616,192.168.1.56,/dashboard,200,442
2026-01-02 14:37:25.046616,192.168.1.159,/api/report,200,1032
2026-01-02 14:37:26.046616,192.168.1.79,/dashboard,500,562
2026-01-02 14:37:27.046616,192.168.1.28,/login,200,1481
2026-01-02 14:37:28.046616,192.168.1.15,/api/report,200,619
2026-01-02 14:37:29.046616,192.168.1.251,/api/report,500,274
2026-01-02 14:37:30.046616,192.168.1.151,/logout,404,512
2026-01-02 14:37:31.046616,192.168.1.221,/api/report,200,59
2026-01-02 14:37:32.046616,192.168.1.77,/login,200,377
2026-01-02 14:37:33.046616,192.168.1.30,/login,200,442
2026-01-02 14:37:34.046616,192.168.1.214,/logout,200,614
2026-01-02 14:37:35.046616,192.168.1.237,/api/report,200,357
2026-01-02 14:37:36.046616,192.168.1.31,/api/data,200,1158
2026-01-02 14:37:37.046616,192.168.1.183,/dashboard,200,759
2026-01-02 14:37:38.046616,192.168.1.125,/dashboard,200,201
2026-01-02 14:37:39.046616,192.168.1.249,/login,200,575
2026-01-02 14:37:40.046616,192.168.1.23,/login,200,868
2026-01-02 14:37:41.046616,192.168.1.108,/api/data,200,368
2026-01-02 14:37:42.046616,192.168.1.93,/logout,404,847
2026-01-02 14:37:43.046616,192.168.1.134,/api/data,200,813
2026-01-02 14:37:44.046616,192.168.1.242,/dashboard,200,939
2026-01-02 14:37:45.046616,192.168.1.89,/api/data,200,691
2026-01-02 14:37:46.046616,192.168.1.209,/dashboard,200,1177
2026-01-02 14:37:47.046616,192.168.1.78,/api/report,200,1200
2026-01-02 14:37:48.046616,192.168.1.200,/login,500,501
2026-01-02 14:37:49.046616,192.168.1.240,/api/report,200,648
2026-01-02 14:37:50.046616,192.168.1.104,/login,404,510
2026-01-02 14:37:51.046616,192.168.1.236,/logout,200,716
2026-01-02 14:37:52.046616,192.168.1.174,/dashboard,200,812
2026-01-02 14:37:53.046616,192.168.1.108,/logout,200,454
2026-01-02 14:37:54.046616,192.168.1.221,/api/data,200,832
2026-01-02 14:37:55.046616,192.168.1.74,/dashboard,200,467
2026-01-02 14:37:56.046616,192.168.1.21,/api/report,200,887
2026-01-02 14:37:57.046616,192.168.1.196,/logout,500,751
2026-01-02 14:37:58.046616,192.168.1.219,/logout,404,1303
2026-01-02 14:37:59.046616,192.168.1.191,/api/data,404,807
2026-01-02 14:38:00.046616,192.168.1.31,/api/report,200,236
2026-01-02 14:38:01.046616,192.168.1.96,/login,200,1142
2026-01-02 14:38:02.046616,192.168.1.2,/logout,500,1182
2026-01-02 14:38:03.046616,192.168.1.49,/api/data,200,1165
2026-01-02 14:38:04.046616,192.168.1.93,/login,404,1334
2026-01-02 14:38:05.046616,192.168.1.62,/dashboard,200,507
2026-01-02 14:38:06.046616,192.168.1.78,/login,500,78
2026-01-02 14:38:07.046616,192.168.1.152,/login,200,1059
2026-01-02 14:38:08.046616,192.168.1.144,/logout,200,976
2026-01-02 14:38:09.046616,192.168.1.156,/api/report,500,291
2026-01-02 14:38:10.046616,192.168.1.130,/api/data,404,1175
2026-01-02 14:38:11.046616,192.168.1.93,/api/data,200,362
2026-01-02 14:38:12.046616,192.168.1.199,/api/data,200,1003
2026-01-02 14:38:13.046616,192.168.1.13,/login,200,1166
2026-01-02 14:38:14.046616,192.168.1.199,/api/report,404,457
2026-01-02 14:38:15.046616,192.168.1.139,/api/report,200,217
2026-01-02 14:38:16.046616,192.168.1.98,/api/report,200,1337
2026-01-02 14:38:17.046616,192.168.1.136,/dashboard,200,225
2026-01-02 14:38:18.046616,192.168.1.140,/logout,200,490
2026-01-02 14:38:19.046616,192.168.1.106,/login,200,957
2026-01-02 14:38:20.046616,192.168.1.235,/dashboard,200,1492
2026-01-02 14:38:21.046616,192.168.1.112,/dashboard,200,998
2026-01-02 14:38:22.046616,192.168.1.35,/dashboard,200,1124
2026-01-02 14:38:23.046616,192.168.1.247,/api/data,500,519
2026-01-02 14:38:24.046616,192.168.1.134,/api/report,500,657
2026-01-02 14:38:25.046616,192.168.1.68,/dashboard,200,793
2026-01-02 14:38:26.046616,192.168.1.104,/api/report,200,1420
2026-01-02 14:38:27.046616,192.168.1.210,/api/data,200,1128
2026-01-02 14:38:28.046616,192.168.1.18,/logout,200,999
2026-01-02 14:38:29.046616,192.168.1.174,/dashboard,404,332
2026-01-02 14:38:30.046616,192.168.1.53,/login,404,565
2026-01-02 14:38:31.046616,192.168.1.104,/login,200,724
2026-01-02 14:38:32.046616,192.168.1.201,/api/report,200,302
2026-01-02 14:38:33.046616,192.168.1.83,/api/data,404,410
2026-01-02 14:38:34.046616,192.168.1.13,/dashboard,200,585
2026-01-02 14:38:35.046616,192.168.1.172,/login,500,897
2026-01-02 14:38:36.046616,192.168.1.62,/login,200,1161
2026-01-02 14:38:37.046616,192.168.1.130,/login,200,1007
2026-01-02 14:38:38.046616,192.168.1.166,/logout,200,1021
2026-01-02 14:38:39.046616,192.168.1.72,/api/report,200,1184
2026-01-02 14:38:40.046616,192.168.1.86,/api/report,200,901
2026-01-02 14:38:41.046616,192.168.1.33,/login,200,573
2026-01-02 14:38:42.046616,192.168.1.228,/logout,200,421
2026-01-02 14:38:43.046616,192.168.1.102,/api/report,200,650
2026-01-02 14:38:44.046616,192.168.1.155,/dashboard,200,1331
2026-01-02 14:38:45.046616,192.168.1.166,/dashboard,404,720
2026-01-02 14:38:46.046616,192.168.1.200,/logout,500,1390
2026-01-02 14:38:47.046616,192.168.1.245,/login,200,128
2026-01-02 14:38:48.046616,192.168.1.226,/login,200,1392
2026-01-02 14:38:49.046616,192.168.1.76,/api/report,200,1452
2026-01-02 14:38:50.046616,192.168.1.130,/dashboard,200,502
2026-01-02 14:38:51.046616,192.168.1.67,/api/data,500,322
2026-01-02 14:38:52.046616,192.168.1.2,/dashboard,404,111
2026-01-02 14:38:53.046616,192.168.1.240,/dashboard,200,462
2026-01-02 14:38:54.046616,192.168.1.202,/api/data,200,1220
2026-01-02 14:38:55.046616,192.168.1.131,/api/data,200,875
2026-01-02 14:38:56.046616,192.168.1.92,/login,200,611
2026-01-02 14:38:57.046616,192.168.1.113,/login,500,1281
2026-01-02 14:38:58.046616,192.168.1.232,/login,200,452
2026-01-02 14:38:59.046616,192.168.1.214,/api/report,200,406
2026-01-02 14:39:00.046616,192.168.1.47,/api/report,200,129
2026-01-02 14:39:01.046616,192.168.1.204,/dashboard,404,287
2026-01-02 14:39:02.046616,192.168.1.216,/login,200,1095
2026-01-02 14:39:03.046616,192.168.1.236,/logout,500,1349
2026-01-02 14:39:04.046616,192.168.1.194,/api/data,200,1279
2026-01-02 14:39:05.046616,192.168.1.168,/dashboard,200,1421
2026-01-02 14:39:06.046616,192.168.1.182,/logout,200,1499
2026-01-02 14:39:07.046616,192.168.1.208,/api/report,200,291
2026-01-02 14:39:08.046616,192.168.1.122,/dashboard,200,710
2026-01-02 14:39:09.046616,192.168.1.6,/login,500,484
2026-01-02 14:39:10.046616,192.168.1.218,/login,500,781
2026-01-02 14:39:11.046616,192.168.1.69,/api/data,500,190
2026-01-02 14:39:12.046616,192.168.1.253,/logout,500,149
2026-01-02 14:39:13.046616,192.168.1.70,/api/report,200,524
2026-01-02 14:39:14.046616,192.168.1.26,/dashboard,404,676
2026-01-02 14:39:15.046616,192.168.1.119,/logout,500,678
2026-01-02 14:39:16.046616,192.168.1.230,/api/report,500,509
2026-01-02 14:39:17.046616,192.168.1.74,/api/report,200,555
2026-01-02 14:39:18.046616,192.168.1.172,/dashboard,404,61
2026-01-02 14:39:19.046616,192.168.1.217,/dashboard,500,691
2026-01-02 14:39:20.046616,192.168.1.236,/api/data,500,1306
2026-01-02 14:39:21.046616,192.168.1.236,/logout,200,456
2026-01-02 14:39:22.046616,192.168.1.38,/api/data,500,1249
2026-01-02 14:39:23.046616,192.168.1.240,/api/data,404,1112
2026-01-02 14:39:24.046616,192.168.1.115,/dashboard,200,490
2026-01-02 14:39:25.046616,192.168.1.109,/api/report,200,492
2026-01-02 14:39:26.046616,192.168.1.3,/logout,404,292
2026-01-02 14:39:27.046616,192.168.1.245,/api/data,200,945
2026-01-02 14:39:28.046616,192.168.1.88,/logout,200,742
2026-01-02 14:39:29.046616,192.168.1.122,/api/report,500,341
2026-01-02 14:39:30.046616,192.168.1.88,/dashboard,200,446
2026-01-02 14:39:31.046616,192.168.1.55,/logout,200,1244
2026-01-02 14:39:32.046616,192.168.1.108,/login,500,301
2026-01-02 14:39:33.046616,192.168.1.139,/api/report,200,1096
2026-01-02 14:39:34.046616,192.168.1.186,/dashboard,404,109
2026-01-02 14:39:35.046616,192.168.1.112,/logout,500,107
2026-01-02 14:39:36.046616,192.168.1.126,/dashboard,200,1455
2026-01-02 14:39:37.046616,192.168.1.245,/logout,200,1448
2026-01-02 14:39:38.046616,192.168.1.220,/logout,500,717
2026-01-02 14:39:39.046616,192.168.1.206,/logout,200,329
2026-01-02 14:39:40.046616,192.168.1.129,/api/data,404,777
2026-01-02 14:39:41.046616,192.168.1.128,/logout,200,473
2026-01-02 14:39:42.046616,192.168.1.179,/logout,404,294
2026-01-02 14:39:43.046616,192.168.1.195,/api/data,200,362
2026-01-02 14:39:44.046616,192.168.1.201,/logout,200,403
2026-01-02 14:39:45.046616,192.168.1.52,/logout,200,1430
2026-01-02 14:39:46.046616,192.168.1.254,/api/data,200,748
2026-01-02 14:39:47.046616,192.168.1.253,/login,404,1061
2026-01-02 14:39:48.046616,192.168.1.150,/dashboard,200,1234
2026-01-02 14:39:49.046616,192.168.1.6,/api/report,200,235
2026-01-02 14:39:50.046616,192.168.1.241,/dashboard,200,1358
2026-01-02 14:39:51.046616,192.168.1.149,/login,500,904
2026-01-02 14:39:52.046616,192.168.1.188,/dashboard,200,1337
2026-01-02 14:39:53.046616,192.168.1.249,/dashboard,200,1212
2026-01-02 14:39:54.046616,192.168.1.158,/api/report,404,212
2026-01-02 14:39:55.046616,192.168.1.33,/api/data,200,299
2026-01-02 14:39:56.046616,192.168.1.183,/dashboard,200,641
2026-01-02 14:39:57.046616,192.168.1.130,/dashboard,200,812
2026-01-02 14:39:58.046616,192.168.1.118,/dashboard,200,657
2026-01-02 14:39:59.046616,192.168.1.6,/dashboard,200,1486
2026-01-02 14:40:00.046616,192.168.1.61,/api/data,200,797
2026-01-02 14:40:01.046616,192.168.1.127,/api/report,200,1468
2026-01-02 14:40:02.046616,192.168.1.148,/login,200,1479
2026-01-02 14:40:03.046616,192.168.1.14,/logout,200,369
2026-01-02 14:40:04.046616,192.168.1.48,/dashboard,200,976
2026-01-02 14:40:05.046616,192.168.1.231,/login,500,648
2026-01-02 14:40:06.046616,192.168.1.9,/logout,200,1485
2026-01-02 14:40:07.046616,192.168.1.132,/dashboard,404,976
2026-01-02 14:40:08.046616,192.168.1.47,/dashboard,404,78
2026-01-02 14:40:09.046616,192.168.1.79,/dashboard,200,222
2026-01-02 14:40:10.046616,192.168.1.57,/api/data,500,926
2026-01-02 14:40:11.046616,192.168.1.2,/api/data,200,961
2026-01-02 14:40:12.046616,192.168.1.87,/login,500,892
2026-01-02 14:40:13.046616,192.168.1.156,/logout,404,395
2026-01-02 14:40:14.046616,192.168.1.191,/dashboard,200,476
2026-01-02 14:40:15.046616,192.168.1.89,/api/data,500,564
2026-01-02 14:40:16.046616,192.168.1.50,/api/report,200,246
2026-01-02 14:40:17.046616,192.168.1.228,/api/report,200,878
2026-01-02 14:40:18.046616,192.168.1.241,/login,500,750
2026-01-02 14:40:19.046616,192.168.1.221,/logout,200,416
2026-01-02 14:40:20.046616,192.168.1.233,/dashboard,500,1344
2026-01-02 14:40:21.046616,192.168.1.225,/dashboard,200,1283
2026-01-02 14:40:22.046616,192.168.1.209,/login,200,950
2026-01-02 14:40:23.046616,192.168.1.34,/dashboard,200,1484
2026-01-02 14:40:24.046616,192.168.1.69,/dashboard,500,844
2026-01-02 14:40:25.046616,192.168.1.69,/api/data,200,1285
2026-01-02 14:40:26.046616,192.168.1.136,/login,200,551
2026-01-02 14:40:27.046616,192.168.1.111,/api/data,200,1346
2026-01-02 14:40:28.046616,192.168.1.195,/api/report,200,793
2026-01-02 14:40:29.046616,192.168.1.120,/logout,404,1437
2026-01-02 14:40:30.046616,192.168.1.125,/login,404,1426
2026-01-02 14:40:31.046616,192.168.1.84,/api/data,404,352
2026-01-02 14:40:32.046616,192.168.1.215,/login,500,111
2026-01-02 14:40:33.046616,192.168.1.160,/logout,500,128
2026-01-02 14:40:34.046616,192.168.1.172,/dashboard,200,1279
2026-01-02 14:40:35.046616,192.168.1.80,/api/data,200,1430
2026-01-02 14:40:36.046616,192.168.1.52,/logout,404,796
2026-01-02 14:40:37.046616,192.168.1.205,/dashboard,200,73
2026-01-02 14:40:38.046616,192.168.1.59,/login,200,903
2026-01-02 14:40:39.046616,192.168.1.203,/logout,404,1431
2026-01-02 14:40:40.046616,192.168.1.234,/api/data,200,250
2026-01-02 14:40:41.046616,192.168.1.9,/dashboard,404,987
2026-01-02 14:40:42.046616,192.168.1.111,/dashboard,500,783
2026-01-02 14:40:43.046616,192.168.1.203,/api/report,500,1070
2026-01-02 14:40:44.046616,192.168.1.29,/api/data,500,912
2026-01-02 14:40:45.046616,192.168.1.251,/logout,500,344
2026-01-02 14:40:46.046616,192.168.1.67,/login,200,1222
2026-01-02 14:40:47.046616,192.168.1.10,/login,200,1500
2026-01-02 14:40:48.046616,192.168.1.222,/logout,404,1224
2026-01-02 14:40:49.046616,192.168.1.12,/api/data,200,813
2026-01-02 14:40:50.046616,192.168.1.45,/login,200,1016
2026-01-02 14:40:51.046616,192.168.1.249,/login,200,1253
2026-01-02 14:40:52.046616,192.168.1.173,/dashboard,200,644
2026-01-02 14:40:53.046616,192.168.1.125,/api/data,200,501
2026-01-02 14:40:54.046616,192.168.1.237,/dashboard,200,936
2026-01-02 14:40:55.046616,192.168.1.61,/api/data,200,543
2026-01-02 14:40:56.046616,192.168.1.92,/dashboard,500,125
2026-01-02 14:40:57.046616,192.168.1.113,/login,500,939
2026-01-02 14:40:58.046616,192.168.1.123,/api/data,200,107
2026-01-02 14:40:59.046616,192.168.1.64,/api/report,200,1210
2026-01-02 14:41:00.046616,192.168.1.188,/login,200,596
2026-01-02 14:41:01.046616,192.168.1.67,/api/report,404,52
2026-01-02 14:41:02.046616,192.168.1.223,/api/data,200,1058
2026-01-02 14:41:03.046616,192.168.1.130,/login,200,579
2026-01-02 14:41:04.046616,192.168.1.194,/api/report,200,549
2026-01-02 14:41:05.046616,192.168.1.203,/logout,500,1069
2026-01-02 14:41:06.046616,192.168.1.247,/dashboard,200,77
2026-01-02 14:41:07.046616,192.168.1.40,/api/data,200,173
2026-01-02 14:41:08.046616,192.168.1.215,/logout,500,132
2026-01-02 14:41:09.046616,192.168.1.176,/api/report,200,415
2026-01-02 14:41:10.046616,192.168.1.167,/api/report,200,151
2026-01-02 14:41:11.046616,192.168.1.169,/api/report,404,1150
2026-01-02 14:41:12.046616,192.168.1.216,/api/report,200,106
2026-01-02 14:41:13.046616,192.168.1.114,/login,500,1450
2026-01-02 14:41:14.046616,192.168.1.242,/api/report,500,867
2026-01-02 14:41:15.046616,192.168.1.103,/logout,200,963
2026-01-02 14:41:16.046616,192.168.1.254,/api/data,200,1437
2026-01-02 14:41:17.046616,192.168.1.88,/login,200,1376
2026-01-02 14:41:18.046616,192.168.1.19,/logout,200,953
2026-01-02 14:41:19.046616,192.168.1.120,/api/report,200,298
2026-01-02 14:41:20.046616,192.168.1.197,/logout,500,1123
2026-01-02 14:41:21.046616,192.168.1.57,/dashboard,200,671
2026-01-02 14:41:22.046616,192.168.1.139,/api/report,200,491
2026-01-02 14:41:23.046616,192.168.1.197,/api/data,200,56
2026-01-02 14:41:24.046616,192.168.1.243,/login,404,85
2026-01-02 14:41:25.046616,192.168.1.245,/logout,500,911
2026-01-02 14:41:26.046616,192.168.1.164,/login,200,1426
2026-01-02 14:41:27.046616,192.168.1.145,/dashboard,404,531
2026-01-02 14:41:28.046616,192.168.1.64,/login,404,687
2026-01-02 14:41:29.046616,192.168.1.149,/logout,404,1009
2026-01-02 14:41:30.046616,192.168.1.200,/dashboard,200,993
2026-01-02 14:41:31.046616,192.168.1.166,/api/data,404,624
2026-01-02 14:41:32.046616,192.168.1.155,/dashboard,200,639
2026-01-02 14:41:33.046616,192.168.1.128,/api/report,200,170
2026-01-02 14:41:34.046616,192.168.1.64,/login,200,641
2026-01-02 14:41:35.046616,192.168.1.225,/dashboard,200,98
2026-01-02 14:41:36.046616,192.168.1.51,/dashboard,404,873
2026-01-02 14:41:37.046616,192.168.1.101,/login,200,449
2026-01-02 14:41:38.046616,192.168.1.85,/logout,200,334
2026-01-02 14:41:39.046616,192.168.1.68,/logout,200,1216
2026-01-02 14:41:40.046616,192.168.1.109,/api/report,500,1490
2026-01-02 14:41:41.046616,192.168.1.178,/login,200,56
2026-01-02 14:41:42.046616,192.168.1.66,/dashboard,200,120
2026-01-02 14:41:43.046616,192.168.1.132,/api/data,200,57
2026-01-02 14:41:44.046616,192.168.1.14,/dashboard,500,1205
2026-01-02 14:41:45.046616,192.168.1.92,/login,200,605
2026-01-02 14:41:46.046616,192.168.1.227,/api/report,500,424
2026-01-02 14:41:47.046616,192.168.1.233,/logout,200,1161
2026-01-02 14:41:48.046616,192.168.1.57,/api/data,200,744
2026-01-02 14:41:49.046616,192.168.1.137,/logout,200,656
2026-01-02 14:41:50.046616,192.168.1.175,/dashboard,200,629
2026-01-02 14:41:51.046616,192.168.1.24,/login,200,640
2026-01-02 14:41:52.046616,192.168.1.27,/dashboard,500,431
2026-01-02 14:41:53.046616,192.168.1.181,/dashboard,200,744
2026-01-02 14:41:54.046616,192.168.1.97,/api/report,200,296
2026-01-02 14:41:55.046616,192.168.1.74,/dashboard,500,307
2026-01-02 14:41:56.046616,192.168.1.171,/api/data,200,263
2026-01-02 14:41:57.046616,192.168.1.93,/dashboard,200,222
2026-01-02 14:41:58.046616,192.168.1.86,/api/report,500,839
2026-01-02 14:41:59.046616,192.168.1.205,/login,500,226
2026-01-02 14:42:00.046616,192.168.1.105,/api/data,404,1043
2026-01-02 14:42:01.046616,192.168.1.198,/logout,200,536
2026-01-02 14:42:02.046616,192.168.1.106,/dashboard,200,1064
2026-01-02 14:42:03.046616,192.168.1.88,/api/report,200,516
2026-01-02 14:42:04.046616,192.168.1.87,/api/report,200,1187
2026-01-02 14:42:05.046616,192.168.1.92,/login,404,568
2026-01-02 14:42:06.046616,192.168.1.228,/dashboard,200,407
2026-01-02 14:42:07.046616,192.168.1.165,/api/report,200,419
2026-01-02 14:42:08.046616,192.168.1.182,/dashboard,200,1018
2026-01-02 14:42:09.046616,192.168.1.191,/dashboard,200,125
2026-01-02 14:42:10.046616,192.168.1.232,/dashboard,200,510
2026-01-02 14:42:11.046616,192.168.1.96,/login,200,484
2026-01-02 14:42:12.046616,192.168.1.58,/dashboard,200,984
2026-01-02 14:42:13.046616,192.168.1.119,/api/data,200,1011
2026-01-02 14:42:14.046616,192.168.1.123,/api/data,200,160
2026-01-02 14:42:15.046616,192.168.1.88,/login,200,795
2026-01-02 14:42:16.046616,192.168.1.210,/login,200,1279
2026-01-02 14:42:17.046616,192.168.1.64,/login,200,916
2026-01-02 14:42:18.046616,192.168.1.188,/dashboard,200,1142
2026-01-02 14:42:19.046616,192.168.1.63,/api/data,500,128
2026-01-02 14:42:20.046616,192.168.1.45,/api/data,200,604
2026-01-02 14:42:21.046616,192.168.1.77,/api/report,200,421
2026-01-02 14:42:22.046616,192.168.1.101,/dashboard,200,934
2026-01-02 14:42:23.046616,192.168.1.159,/logout,200,101
2026-01-02 14:42:24.046616,192.168.1.136,/api/data,500,1095
2026-01-02 14:42:25.046616,192.168.1.79,/api/data,500,699
2026-01-02 14:42:26.046616,192.168.1.61,/api/report,200,79
2026-01-02 14:42:27.046616,192.168.1.165,/logout,200,332
2026-01-02 14:42:28.046616,192.168.1.252,/logout,200,717
2026-01-02 14:42:29.046616,192.168.1.70,/login,500,345
2026-01-02 14:42:30.046616,192.168.1.251,/api/report,200,1261
2026-01-02 14:42:31.046616,192.168.1.152,/logout,200,944
2026-01-02 14:42:32.046616,192.168.1.243,/login,200,1348
2026-01-02 14:42:33.046616,192.168.1.7,/dashboard,200,811
2026-01-02 14:42:34.046616,192.168.1.164,/api/data,200,920
2026-01-02 14:42:35.046616,192.168.1.41,/dashboard,200,976
2026-01-02 14:42:36.046616,192.168.1.167,/dashboard,404,129
2026-01-02 14:42:37.046616,192.168.1.118,/dashboard,200,586
2026-01-02 14:42:38.046616,192.168.1.144,/logout,200,685
2026-01-02 14:42:39.046616,192.168.1.119,/login,404,650
2026-01-02 14:42:40.046616,192.168.1.147,/api/report,200,942
2026-01-02 14:42:41.046616,192.168.1.111,/api/data,500,1479
2026-01-02 14:42:42.046616,192.168.1.25,/dashboard,404,477
2026-01-02 14:42:43.046616,192.168.1.224,/api/data,200,542
2026-01-02 14:42:44.046616,192.168.1.64,/api/report,200,1401
2026-01-02 14:42:45.046616,192.168.1.198,/api/data,500,942
2026-01-02 14:42:46.046616,192.168.1.70,/logout,200,377
2026-01-02 14:42:47.046616,192.168.1.252,/api/data,404,1141
2026-01-02 14:42:48.046616,192.168.1.233,/dashboard,404,132
2026-01-02 14:42:49.046616,192.168.1.253,/api/data,200,415
2026-01-02 14:42:50.046616,192.168.1.67,/dashboard,200,1008
2026-01-02 14:42:51.046616,192.168.1.138,/dashboard,404,1007
2026-01-02 14:42:52.046616,192.168.1.165,/login,200,345
2026-01-02 14:42:53.046616,192.168.1.132,/api/report,404,65
2026-01-02 14:42:54.046616,192.168.1.242,/api/report,404,523
2026-01-02 14:42:55.046616,192.168.1.207,/logout,200,693
2026-01-02 14:42:56.046616,192.168.1.191,/login,500,1210
2026-01-02 14:42:57.046616,192.168.1.119,/api/data,200,927
2026-01-02 14:42:58.046616,192.168.1.65,/api/data,200,548
2026-01-02 14:42:59.046616,192.168.1.8,/dashboard,500,484
2026-01-02 14:43:00.046616,192.168.1.221,/dashboard,200,713
2026-01-02 14:43:01.046616,192.168.1.1,/dashboard,200,112
2026-01-02 14:43:02.046616,192.168.1.131,/logout,200,978
2026-01-02 14:43:03.046616,192.168.1.102,/api/report,200,113
2026-01-02 14:43:04.046616,192.168.1.24,/api/data,200,1477
2026-01-02 14:43:05.046616,192.168.1.181,/login,200,1365
2026-01-02 14:43:06.046616,192.168.1.94,/logout,404,837
2026-01-02 14:43:07.046616,192.168.1.199,/api/report,404,778
2026-01-02 14:43:08.046616,192.168.1.112,/dashboard,200,148
2026-01-02 14:43:09.046616,192.168.1.226,/api/data,200,402
2026-01-02 14:43:10.046616,192.168.1.67,/login,500,509
2026-01-02 14:43:11.046616,192.168.1.151,/api/report,500,1132
2026-01-02 14:43:12.046616,192.168.1.192,/api/data,200,1184
2026-01-02 14:43:13.046616,192.168.1.2,/api/data,200,1103
2026-01-02 14:43:14.046616,192.168.1.236,/login,404,1023
2026-01-02 14:43:15.046616,192.168.1.191,/logout,200,1019
2026-01-02 14:43:16.046616,192.168.1.95,/login,200,606
2026-01-02 14:43:17.046616,192.168.1.68,/dashboard,500,867
2026-01-02 14:43:18.046616,192.168.1.240,/logout,200,687
2026-01-02 14:43:19.046616,192.168.1.220,/dashboard,200,1382
2026-01-02 14:43:20.046616,192.168.1.98,/dashboard,200,1372
2026-01-02 14:43:21.046616,192.168.1.7,/logout,200,1376
2026-01-02 14:43:22.046616,192.168.1.176,/api/report,404,576
2026-01-02 14:43:23.046616,192.168.1.134,/dashboard,200,1489
2026-01-02 14:43:24.046616,192.168.1.5,/dashboard,500,341
2026-01-02 14:43:25.046616,192.168.1.58,/api/report,200,1040
2026-01-02 14:43:26.046616,192.168.1.216,/login,200,896
2026-01-02 14:43:27.046616,192.168.1.118,/api/data,200,921
2026-01-02 14:43:28.046616,192.168.1.72,/login,404,579
2026-01-02 14:43:29.046616,192.168.1.202,/dashboard,200,1247
2026-01-02 14:43:30.046616,192.168.1.201,/api/report,200,92
2026-01-02 14:43:31.046616,192.168.1.21,/login,200,1439
2026-01-02 14:43:32.046616,192.168.1.59,/logout,404,1491
2026-01-02 14:43:33.046616,192.168.1.210,/api/data,404,583
2026-01-02 14:43:34.046616,192.168.1.226,/login,200,848
2026-01-02 14:43:35.046616,192.168.1.154,/logout,200,740
2026-01-02 14:43:36.046616,192.168.1.138,/api/data,200,761
2026-01-02 14:43:37.046616,192.168.1.200,/dashboard,404,1086
2026-01-02 14:43:38.046616,192.168.1.41,/api/report,500,411
2026-01-02 14:43:39.046616,192.168.1.254,/api/data,200,1369
2026-01-02 14:43:40.046616,192.168.1.168,/login,200,468
2026-01-02 14:43:41.046616,192.168.1.45,/dashboard,200,757
2026-01-02 14:43:42.046616,192.168.1.234,/api/data,200,993
2026-01-02 14:43:43.046616,192.168.1.8,/api/data,200,1225
2026-01-02 14:43:44.046616,192.168.1.219,/api/data,200,1467
2026-01-02 14:43:45.046616,192.168.1.55,/login,200,525
2026-01-02 14:43:46.046616,192.168.1.174,/login,200,325
2026-01-02 14:43:47.046616,192.168.1.146,/dashboard,200,1159
2026-01-02 14:43:48.046616,192.168.1.201,/dashboard,404,254
2026-01-02 14:43:49.046616,192.168.1.179,/logout,500,1121
2026-01-02 14:43:50.046616,192.168.1.44,/dashboard,500,1471
2026-01-02 14:43:51.046616,192.168.1.129,/login,200,1442
2026-01-02 14:43:52.046616,192.168.1.24,/dashboard,404,529
2026-01-02 14:43:53.046616,192.168.1.5,/api/data,200,956
2026-01-02 14:43:54.046616,192.168.1.16,/logout,200,772
2026-01-02 14:43:55.046616,192.168.1.23,/dashboard,500,136
2026-01-02 14:43:56.046616,192.168.1.153,/dashboard,200,301
2026-01-02 14:43:57.046616,192.168.1.197,/dashboard,200,1056
2026-01-02 14:43:58.046616,192.168.1.149,/login,500,972
2026-01-02 14:43:59.046616,192.168.1.231,/logout,200,1394
2026-01-02 14:44:00.046616,192.168.1.26,/api/report,200,526
2026-01-02 14:44:01.046616,192.168.1.33,/login,200,1447
2026-01-02 14:44:02.046616,192.168.1.142,/api/data,200,1250
2026-01-02 14:44:03.046616,192.168.1.92,/login,200,935
2026-01-02 14:44:04.046616,192.168.1.237,/dashboard,200,1441
2026-01-02 14:44:05.046616,192.168.1.39,/logout,404,151
2026-01-02 14:44:06.046616,192.168.1.95,/api/report,200,766
2026-01-02 14:44:07.046616,192.168.1.144,/dashboard,404,371
2026-01-02 14:44:08.046616,192.168.1.139,/api/report,404,976
2026-01-02 14:44:09.046616,192.168.1.181,/login,200,328
2026-01-02 14:44:10.046616,192.168.1.34,/logout,200,1496
2026-01-02 14:44:11.046616,192.168.1.16,/login,200,1363
2026-01-02 14:44:12.046616,192.168.1.90,/logout,200,1022
2026-01-02 14:44:13.046616,192.168.1.234,/login,200,994
2026-01-02 14:44:14.046616,192.168.1.18,/login,404,599
2026-01-02 14:44:15.046616,192.168.1.92,/api/report,500,1069
2026-01-02 14:44:16.046616,192.168.1.90,/dashboard,200,829
2026-01-02 14:44:17.046616,192.168.1.232,/api/data,500,1401
2026-01-02 14:44:18.046616,192.168.1.9,/logout,200,798
2026-01-02 14:44:19.046616,192.168.1.211,/dashboard,200,979
2026-01-02 14:44:20.046616,192.168.1.56,/api/report,200,1171
2026-01-02 14:44:21.046616,192.168.1.225,/dashboard,200,802
2026-01-02 14:44:22.046616,192.168.1.127,/api/report,200,1200
2026-01-02 14:44:23.046616,192.168.1.133,/dashboard,200,943
2026-01-02 14:44:24.046616,192.168.1.134,/api/report,404,1368
2026-01-02 14:44:25.046616,192.168.1.22,/api/report,404,573
2026-01-02 14:44:26.046616,192.168.1.161,/api/report,200,186
2026-01-02 14:44:27.046616,192.168.1.249,/logout,500,217
2026-01-02 14:44:28.046616,192.168.1.170,/login,500,1403
2026-01-02 14:44:29.046616,192.168.1.184,/dashboard,500,1420
2026-01-02 14:44:30.046616,192.168.1.22,/api/report,200,193
2026-01-02 14:44:31.046616,192.168.1.254,/logout,404,1259
2026-01-02 14:44:32.046616,192.168.1.107,/dashboard,200,136
2026-01-02 14:44:33.046616,192.168.1.204,/logout,404,1336
2026-01-02 14:44:34.046616,192.168.1.63,/login,404,791
2026-01-02 14:44:35.046616,192.168.1.199,/api/report,500,1075
2026-01-02 14:44:36.046616,192.168.1.130,/logout,200,1251
2026-01-02 14:44:37.046616,192.168.1.181,/login,200,1167
2026-01-02 14:44:38.046616,192.168.1.233,/dashboard,404,1465
2026-01-02 14:44:39.046616,192.168.1.84,/logout,500,1085
2026-01-02 14:44:40.046616,192.168.1.66,/logout,404,93
2026-01-02 14:44:41.046616,192.168.1.7,/dashboard,500,573
2026-01-02 14:44:42.046616,192.168.1.54,/login,500,611
2026-01-02 14:44:43.046616,192.168.1.1,/dashboard,200,1189
2026-01-02 14:44:44.046616,192.168.1.95,/api/data,200,145
2026-01-02 14:44:45.046616,192.168.1.240,/api/data,500,570
2026-01-02 14:44:46.046616,192.168.1.10,/dashboard,500,968
2026-01-02 14:44:47.046616,192.168.1.233,/api/data,500,725
2026-01-02 14:44:48.046616,192.168.1.153,/dashboard,500,208
2026-01-02 14:44:49.046616,192.168.1.191,/logout,500,169
2026-01-02 14:44:50.046616,192.168.1.50,/logout,404,1167
2026-01-02 14:44:51.046616,192.168.1.110,/api/report,500,1072
2026-01-02 14:44:52.046616,192.168.1.78,/login,200,670
2026-01-02 14:44:53.046616,192.168.1.183,/api/data,200,451
2026-01-02 14:44:54.046616,192.168.1.115,/dashboard,200,1076
2026-01-02 14:44:55.046616,192.168.1.113,/logout,200,1389
2026-01-02 14:44:56.046616,192.168.1.216,/logout,200,1028
2026-01-02 14:44:57.046616,192.168.1.217,/dashboard,200,1171
2026-01-02 14:44:58.046616,192.168.1.128,/api/data,200,64
2026-01-02 14:44:59.046616,192.168.1.238,/api/data,500,978
2026-01-02 14:45:00.046616,192.168.1.82,/dashboard,200,689
2026-01-02 14:45:01.046616,192.168.1.23,/api/report,404,523
2026-01-02 14:45:02.046616,192.168.1.246,/login,200,264
2026-01-02 14:45:03.046616,192.168.1.186,/api/data,200,245
2026-01-02 14:45:04.046616,192.168.1.144,/dashboard,200,1439
2026-01-02 14:45:05.046616,192.168.1.229,/login,200,957
2026-01-02 14:45:06.046616,192.168.1.171,/logout,500,58
2026-01-02 14:45:07.046616,192.168.1.247,/logout,200,1074
2026-01-02 14:45:08.046616,192.168.1.75,/api/data,200,1041
2026-01-02 14:45:09.046616,192.168.1.83,/dashboard,404,1131
2026-01-02 14:45:10.046616,192.168.1.243,/dashboard,404,130
2026-01-02 14:45:11.046616,192.168.1.117,/dashboard,200,1443
2026-01-02 14:45:12.046616,192.168.1.213,/logout,404,475
2026-01-02 14:45:13.046616,192.168.1.59,/dashboard,500,1324
2026-01-02 14:45:14.046616,192.168.1.192,/api/report,200,1348
2026-01-02 14:45:15.046616,192.168.1.199,/login,200,1330
2026-01-02 14:45:16.046616,192.168.1.17,/api/report,500,663
2026-01-02 14:45:17.046616,192.168.1.30,/login,200,1368
2026-01-02 14:45:18.046616,192.168.1.12,/logout,200,295
2026-01-02 14:45:19.046616,192.168.1.214,/logout,404,1250
2026-01-02 14:45:20.046616,192.168.1.72,/dashboard,200,1201
2026-01-02 14:45:21.046616,192.168.1.42,/api/report,500,888
2026-01-02 14:45:22.046616,192.168.1.118,/logout,404,171
2026-01-02 14:45:23.046616,192.168.1.65,/dashboard,500,465
2026-01-02 14:45:24.046616,192.168.1.219,/api/data,500,396
2026-01-02 14:45:25.046616,192.168.1.143,/login,500,639
2026-01-02 14:45:26.046616,192.168.1.197,/logout,200,192
2026-01-02 14:45:27.046616,192.168.1.144,/login,200,404
2026-01-02 14:45:28.046616,192.168.1.14,/api/report,500,88
2026-01-02 14:45:29.046616,192.168.1.106,/logout,404,682
2026-01-02 14:45:30.046616,192.168.1.172,/api/data,200,1192
2026-01-02 14:45:31.046616,192.168.1.176,/api/report,500,979
2026-01-02 14:45:32.046616,192.168.1.244,/api/report,200,593
2026-01-02 14:45:33.046616,192.168.1.183,/api/data,200,1439
2026-01-02 14:45:34.046616,192.168.1.195,/api/data,200,1188
2026-01-02 14:45:35.046616,192.168.1.12,/logout,404,1458
2026-01-02 14:45:36.046616,192.168.1.228,/api/data,200,920
2026-01-02 14:45:37.046616,192.168.1.34,/api/report,200,760
2026-01-02 14:45:38.046616,192.168.1.80,/api/data,500,1006
2026-01-02 14:45:39.046616,192.168.1.92,/logout,200,51
2026-01-02 14:45:40.046616,192.168.1.20,/logout,200,487
2026-01-02 14:45:41.046616,192.168.1.180,/dashboard,200,575
2026-01-02 14:45:42.046616,192.168.1.185,/api/report,200,402
2026-01-02 14:45:43.046616,192.168.1.4,/api/data,500,1104
2026-01-02 14:45:44.046616,192.168.1.218,/dashboard,404,1128
2026-01-02 14:45:45.046616,192.168.1.84,/login,200,513
2026-01-02 14:45:46.046616,192.168.1.187,/dashboard,500,264
2026-01-02 14:45:47.046616,192.168.1.19,/logout,200,1180
2026-01-02 14:45:48.046616,192.168.1.70,/logout,200,1047
2026-01-02 14:45:49.046616,192.168.1.90,/dashboard,200,977
2026-01-02 14:45:50.046616,192.168.1.102,/dashboard,500,403
2026-01-02 14:45:51.046616,192.168.1.1,/logout,200,1330
2026-01-02 14:45:52.046616,192.168.1.249,/api/report,500,782
2026-01-02 14:45:53.046616,192.168.1.46,/logout,200,1359
2026-01-02 14:45:54.046616,192.168.1.112,/api/report,200,896
2026-01-02 14:45:55.046616,192.168.1.137,/api/report,404,1310
2026-01-02 14:45:56.046616,192.168.1.244,/logout,200,232
2026-01-02 14:45:57.046616,192.168.1.126,/api/report,200,1412
2026-01-02 14:45:58.046616,192.168.1.192,/logout,200,1024
2026-01-02 14:45:59.046616,192.168.1.237,/logout,404,1084
2026-01-02 14:46:00.046616,192.168.1.130,/api/report,200,1273
2026-01-02 14:46:01.046616,192.168.1.71,/logout,200,824
2026-01-02 14:46:02.046616,192.168.1.153,/logout,404,1156
2026-01-02 14:46:03.046616,192.168.1.213,/api/report,200,1462
2026-01-02 14:46:04.046616,192.168.1.234,/logout,200,938
2026-01-02 14:46:05.046616,192.168.1.112,/dashboard,200,1101
2026-01-02 14:46:06.046616,192.168.1.46,/api/data,200,718
2026-01-02 14:46:07.046616,192.168.1.42,/api/report,200,694
2026-01-02 14:46:08.046616,192.168.1.115,/api/report,404,1231
2026-01-02 14:46:09.046616,192.168.1.202,/dashboard,200,1076
2026-01-02 14:46:10.046616,192.168.1.227,/logout,200,912
2026-01-02 14:46:11.046616,192.168.1.26,/api/report,500,217
2026-01-02 14:46:12.046616,192.168.1.141,/api/data,200,395
2026-01-02 14:46:13.046616,192.168.1.160,/api/report,200,507
2026-01-02 14:46:14.046616,192.168.1.201,/logout,500,803
2026-01-02 14:46:15.046616,192.168.1.177,/api/report,200,1150
2026-01-02 14:46:16.046616,192.168.1.105,/logout,500,1263
2026-01-02 14:46:17.046616,192.168.1.234,/dashboard,200,1211
2026-01-02 14:46:18.046616,192.168.1.223,/login,500,1184
2026-01-02 14:46:19.046616,192.168.1.148,/login,200,354
2026-01-02 14:46:20.046616,192.168.1.100,/api/report,200,105
2026-01-02 14:46:21.046616,192.168.1.89,/dashboard,200,173
2026-01-02 14:46:22.046616,192.168.1.94,/logout,200,1483
2026-01-02 14:46:23.046616,192.168.1.141,/login,404,442
2026-01-02 14:46:24.046616,192.168.1.53,/login,200,598
2026-01-02 14:46:25.046616,192.168.1.128,/api/report,200,545
2026-01-02 14:46:26.046616,192.168.1.245,/dashboard,200,1326
2026-01-02 14:46:27.046616,192.168.1.245,/api/data,404,458
2026-01-02 14:46:28.046616,192.168.1.161,/api/data,200,1492
2026-01-02 14:46:29.046616,192.168.1.34,/api/data,200,1236
2026-01-02 14:46:30.046616,192.168.1.25,/api/report,200,552
2026-01-02 14:46:31.046616,192.168.1.167,/dashboard,200,1093
2026-01-02 14:46:32.046616,192.168.1.14,/api/data,500,725
2026-01-02 14:46:33.046616,192.168.1.150,/api/data,200,280
2026-01-02 14:46:34.046616,192.168.1.47,/dashboard,200,638
2026-01-02 14:46:35.046616,192.168.1.27,/api/data,200,560
2026-01-02 14:46:36.046616,192.168.1.140,/dashboard,200,619
2026-01-02 14:46:37.046616,192.168.1.56,/dashboard,200,834
2026-01-02 14:46:38.046616,192.168.1.128,/api/report,500,1296
2026-01-02 14:46:39.046616,192.168.1.1,/dashboard,200,918
2026-01-02 14:46:40.046616,192.168.1.54,/login,200,137
2026-01-02 14:46:41.046616,192.168.1.206,/dashboard,200,317
2026-01-02 14:46:42.046616,192.168.1.97,/login,200,212
2026-01-02 14:46:43.046616,192.168.1.88,/logout,404,1435
2026-01-02 14:46:44.046616,192.168.1.24,/logout,200,755
2026-01-02 14:46:45.046616,192.168.1.50,/login,404,1207
2026-01-02 14:46:46.046616,192.168.1.226,/logout,200,826
2026-01-02 14:46:47.046616,192.168.1.126,/login,200,108
2026-01-02 14:46:48.046616,192.168.1.250,/login,200,270
2026-01-02 14:46:49.046616,192.168.1.181,/logout,404,1034
2026-01-02 14:46:50.046616,192.168.1.94,/api/data,200,890
2026-01-02 14:46:51.046616,192.168.1.135,/api/report,200,371
2026-01-02 14:46:52.046616,192.168.1.86,/login,200,1142
2026-01-02 14:46:53.046616,192.168.1.111,/dashboard,200,1460
2026-01-02 14:46:54.046616,192.168.1.76,/api/report,200,1001
2026-01-02 14:46:55.046616,192.168.1.167,/api/report,200,1347
2026-01-02 14:46:56.046616,192.168.1.124,/logout,200,1426
2026-01-02 14:46:57.046616,192.168.1.174,/dashboard,200,1144
2026-01-02 14:46:58.046616,192.168.1.244,/dashboard,500,484
2026-01-02 14:46:59.046616,192.168.1.174,/logout,200,417
2026-01-02 14:47:00.046616,192.168.1.141,/dashboard,200,290
2026-01-02 14:47:01.046616,192.168.1.163,/login,404,1210
2026-01-02 14:47:02.046616,192.168.1.164,/api/data,200,460
2026-01-02 14:47:03.046616,192.168.1.49,/dashboard,500,659
2026-01-02 14:47:04.046616,192.168.1.20,/logout,200,241
2026-01-02 14:47:05.046616,192.168.1.13,/api/report,200,610
2026-01-02 14:47:06.046616,192.168.1.41,/logout,200,512
2026-01-02 14:47:07.046616,192.168.1.92,/dashboard,200,1131
2026-01-02 14:47:08.046616,192.168.1.174,/dashboard,404,702
2026-01-02 14:47:09.046616,192.168.1.154,/dashboard,200,945
2026-01-02 14:47:10.046616,192.168.1.87,/api/data,200,1247
2026-01-02 14:47:11.046616,192.168.1.253,/dashboard,200,1386
2026-01-02 14:47:12.046616,192.168.1.37,/login,200,583
2026-01-02 14:47:13.046616,192.168.1.135,/api/data,200,1204
2026-01-02 14:47:14.046616,192.168.1.171,/dashboard,404,1177
2026-01-02 14:47:15.046616,192.168.1.42,/api/data,404,1374
2026-01-02 14:47:16.046616,192.168.1.107,/dashboard,200,582
2026-01-02 14:47:17.046616,192.168.1.156,/logout,500,808
2026-01-02 14:47:18.046616,192.168.1.46,/logout,200,1307
2026-01-02 14:47:19.046616,192.168.1.170,/api/report,200,813
2026-01-02 14:47:20.046616,192.168.1.29,/api/report,200,124
2026-01-02 14:47:21.046616,192.168.1.153,/api/report,404,852
2026-01-02 14:47:22.046616,192.168.1.72,/logout,200,123
2026-01-02 14:47:23.046616,192.168.1.115,/logout,200,201
2026-01-02 14:47:24.046616,192.168.1.119,/logout,200,496
2026-01-02 14:47:25.046616,192.168.1.252,/logout,404,800
2026-01-02 14:47:26.046616,192.168.1.195,/login,200,1161
2026-01-02 14:47:27.046616,192.168.1.231,/logout,200,617
2026-01-02 14:47:28.046616,192.168.1.37,/logout,200,490
2026-01-02 14:47:29.046616,192.168.1.194,/api/report,200,637
2026-01-02 14:47:30.046616,192.168.1.166,/logout,404,1488
2026-01-02 14:47:31.046616,192.168.1.243,/login,200,539
2026-01-02 14:47:32.046616,192.168.1.122,/api/report,200,489
2026-01-02 14:47:33.046616,192.168.1.106,/login,200,1412
2026-01-02 14:47:34.046616,192.168.1.177,/api/data,500,1383
2026-01-02 14:47:35.046616,192.168.1.176,/api/data,200,1212
2026-01-02 14:47:36.046616,192.168.1.27,/login,200,793
2026-01-02 14:47:37.046616,192.168.1.75,/login,500,518
2026-01-02 14:47:38.046616,192.168.1.14,/api/report,200,299
2026-01-02 14:47:39.046616,192.168.1.238,/logout,200,227
2026-01-02 14:47:40.046616,192.168.1.201,/login,200,892
2026-01-02 14:47:41.046616,192.168.1.182,/dashboard,500,211
2026-01-02 14:47:42.046616,192.168.1.119,/login,200,1196
2026-01-02 14:47:43.046616,192.168.1.21,/api/report,200,225
2026-01-02 14:47:44.046616,192.168.1.129,/dashboard,200,272
2026-01-02 14:47:45.046616,192.168.1.24,/api/data,200,924
2026-01-02 14:47:46.046616,192.168.1.156,/api/report,404,1430
2026-01-02 14:47:47.046616,192.168.1.137,/api/report,200,1152
2026-01-02 14:47:48.046616,192.168.1.151,/api/data,200,1217
2026-01-02 14:47:49.046616,192.168.1.77,/login,404,745
2026-01-02 14:47:50.046616,192.168.1.4,/logout,200,343
2026-01-02 14:47:51.046616,192.168.1.89,/logout,500,195
2026-01-02 14:47:52.046616,192.168.1.29,/api/data,200,413
2026-01-02 14:47:53.046616,192.168.1.233,/api/report,404,1298
2026-01-02 14:47:54.046616,192.168.1.158,/api/report,404,510
2026-01-02 14:47:55.046616,192.168.1.46,/logout,200,538
2026-01-02 14:47:56.046616,192.168.1.85,/api/report,200,243
2026-01-02 14:47:57.046616,192.168.1.143,/logout,200,287
2026-01-02 14:47:58.046616,192.168.1.89,/login,500,315
2026-01-02 14:47:59.046616,192.168.1.157,/dashboard,200,335
2026-01-02 14:48:00.046616,192.168.1.243,/login,200,594
2026-01-02 14:48:01.046616,192.168.1.63,/api/report,200,544
2026-01-02 14:48:02.046616,192.168.1.85,/api/data,404,1221
2026-01-02 14:48:03.046616,192.168.1.127,/dashboard,200,331
2026-01-02 14:48:04.046616,192.168.1.142,/login,200,291
2026-01-02 14:48:05.046616,192.168.1.5,/api/data,200,1154
2026-01-02 14:48:06.046616,192.168.1.186,/login,200,325
2026-01-02 14:48:07.046616,192.168.1.84,/api/data,200,426
2026-01-02 14:48:08.046616,192.168.1.209,/logout,200,883
2026-01-02 14:48:09.046616,192.168.1.36,/api/data,200,400
2026-01-02 14:48:10.046616,192.168.1.253,/login,500,698
2026-01-02 14:48:11.046616,192.168.1.69,/dashboard,200,1165
2026-01-02 14:48:12.046616,192.168.1.143,/api/data,200,92
2026-01-02 14:48:13.046616,192.168.1.241,/login,200,90
2026-01-02 14:48:14.046616,192.168.1.225,/login,500,600
2026-01-02 14:48:15.046616,192.168.1.244,/logout,200,1027
2026-01-02 14:48:16.046616,192.168.1.230,/api/data,500,358
2026-01-02 14:48:17.046616,192.168.1.175,/login,200,1405
2026-01-02 14:48:18.046616,192.168.1.125,/login,200,747
2026-01-02 14:48:19.046616,192.168.1.20,/api/data,200,1047
2026-01-02 14:48:20.046616,192.168.1.161,/api/report,500,779
2026-01-02 14:48:21.046616,192.168.1.217,/dashboard,200,78
2026-01-02 14:48:22.046616,192.168.1.154,/dashboard,200,852
2026-01-02 14:48:23.046616,192.168.1.105,/logout,200,1393
2026-01-02 14:48:24.046616,192.168.1.145,/dashboard,200,1235
2026-01-02 14:48:25.046616,192.168.1.85,/api/data,200,710
2026-01-02 14:48:26.046616,192.168.1.197,/dashboard,200,599
2026-01-02 14:48:27.046616,192.168.1.225,/logout,500,1292
2026-01-02 14:48:28.046616,192.168.1.51,/api/report,500,554
2026-01-02 14:48:29.046616,192.168.1.62,/api/data,500,147
2026-01-02 14:48:30.046616,192.168.1.217,/logout,404,1321
2026-01-02 14:48:31.046616,192.168.1.250,/login,200,182
2026-01-02 14:48:32.046616,192.168.1.133,/logout,200,973
2026-01-02 14:48:33.046616,192.168.1.103,/api/data,404,152
2026-01-02 14:48:34.046616,192.168.1.93,/api/data,500,680
2026-01-02 14:48:35.046616,192.168.1.92,/dashboard,200,944
2026-01-02 14:48:36.046616,192.168.1.109,/api/data,200,748
2026-01-02 14:48:37.046616,192.168.1.185,/api/data,200,242
2026-01-02 14:48:38.046616,192.168.1.211,/api/data,200,925
2026-01-02 14:48:39.046616,192.168.1.63,/logout,200,1246
2026-01-02 14:48:40.046616,192.168.1.105,/dashboard,200,776
2026-01-02 14:48:41.046616,192.168.1.224,/login,200,1303
2026-01-02 14:48:42.046616,192.168.1.55,/dashboard,500,1193
2026-01-02 14:48:43.046616,192.168.1.164,/api/report,200,913
2026-01-02 14:48:44.046616,192.168.1.235,/api/report,200,836
2026-01-02 14:48:45.046616,192.168.1.28,/logout,404,101
2026-01-02 14:48:46.046616,192.168.1.162,/logout,200,157
2026-01-02 14:48:47.046616,192.168.1.91,/login,404,1455
2026-01-02 14:48:48.046616,192.168.1.249,/login,500,462
2026-01-02 14:48:49.046616,192.168.1.29,/dashboard,404,1351
2026-01-02 14:48:50.046616,192.168.1.206,/dashboard,200,918
2026-01-02 14:48:51.046616,192.168.1.93,/login,500,916
2026-01-02 14:48:52.046616,192.168.1.93,/login,200,404
2026-01-02 14:48:53.046616,192.168.1.83,/login,200,1324
2026-01-02 14:48:54.046616,192.168.1.142,/api/report,500,490
2026-01-02 14:48:55.046616,192.168.1.167,/api/data,200,73
2026-01-02 14:48:56.046616,192.168.1.222,/api/data,200,845
2026-01-02 14:48:57.046616,192.168.1.141,/logout,404,731
2026-01-02 14:48:58.046616,192.168.1.45,/dashboard,200,580
2026-01-02 14:48:59.046616,192.168.1.27,/api/report,200,1403
2026-01-02 14:49:00.046616,192.168.1.205,/dashboard,200,969
2026-01-02 14:49:01.046616,192.168.1.103,/login,200,586
2026-01-02 14:49:02.046616,192.168.1.116,/logout,200,510
2026-01-02 14:49:03.046616,192.168.1.241,/login,404,1091
2026-01-02 14:49:04.046616,192.168.1.176,/logout,500,903
2026-01-02 14:49:05.046616,192.168.1.234,/login,500,716
2026-01-02 14:49:06.046616,192.168.1.126,/logout,200,154
2026-01-02 14:49:07.046616,192.168.1.190,/api/report,200,748
2026-01-02 14:49:08.046616,192.168.1.226,/api/data,200,560
2026-01-02 14:49:09.046616,192.168.1.127,/login,200,338
2026-01-02 14:49:10.046616,192.168.1.69,/login,200,782
2026-01-02 14:49:11.046616,192.168.1.196,/login,500,898
2026-01-02 14:49:12.046616,192.168.1.128,/login,500,1463
2026-01-02 14:49:13.046616,192.168.1.56,/login,200,213
2026-01-02 14:49:14.046616,192.168.1.197,/api/data,200,767
2026-01-02 14:49:15.046616,192.168.1.212,/login,404,863
2026-01-02 14:49:16.046616,192.168.1.213,/api/data,200,1038
2026-01-02 14:49:17.046616,192.168.1.102,/api/data,200,962
2026-01-02 14:49:18.046616,192.168.1.246,/logout,200,267
2026-01-02 14:49:19.046616,192.168.1.3,/api/data,500,619
2026-01-02 14:49:20.046616,192.168.1.24,/login,200,908
2026-01-02 14:49:21.046616,192.168.1.165,/dashboard,200,1002
2026-01-02 14:49:22.046616,192.168.1.218,/api/report,200,81
2026-01-02 14:49:23.046616,192.168.1.178,/api/report,200,163
2026-01-02 14:49:24.046616,192.168.1.197,/logout,404,842
2026-01-02 14:49:25.046616,192.168.1.225,/logout,200,651
2026-01-02 14:49:26.046616,192.168.1.35,/logout,200,1343
2026-01-02 14:49:27.046616,192.168.1.244,/login,200,205
2026-01-02 14:49:28.046616,192.168.1.143,/login,404,252
2026-01-02 14:49:29.046616,192.168.1.53,/login,500,1083
2026-01-02 14:49:30.046616,192.168.1.42,/dashboard,500,286
2026-01-02 14:49:31.046616,192.168.1.23,/dashboard,500,540
2026-01-02 14:49:32.046616,192.168.1.126,/logout,500,114
2026-01-02 14:49:33.046616,192.168.1.99,/login,200,590
2026-01-02 14:49:34.046616,192.168.1.65,/logout,404,998
2026-01-02 14:49:35.046616,192.168.1.120,/login,404,448
2026-01-02 14:49:36.046616,192.168.1.224,/api/data,200,527
2026-01-02 14:49:37.046616,192.168.1.192,/api/report,200,1311
